{
    "1433528931532931144": {
        "codigo_ativo": true,
        "cargo": 1433531131092930683,
        "fichas": 1433529485504024727,
        "logs": {
            "guild": 1433528931532931144,
            "canal": 1433529485504024727
        },
        "publicacao": 1433528932296036394,
        "titulo": "verificação bot",
        "descricao": "marca algum amigo",
        "cor": "#5865F2",
        "imagem": "https://media.discordapp.net/attachments/1433528932296036394/1433532828829749459/a8ac9ce7-42be-496e-97fc-0396613c27fa.jpg?ex=690508fc&is=6903b77c&hm=e8cce0e1acd981814fc62df0c012587476903620dbcb79c71d35ce0cd2e2ad41&=&format=webp&width=621&height=656",
        "mensagem_id": 1433532904591593662,
        "canal_pub_id": 1433528932296036394
    }
}